{"cameraMode":{"drawMode":0,"name":"Shaded","section":"Shading Mode"},"sceneLighting":true,"audioPlay":false,"sceneViewState":{"m_AlwaysRefresh":true,"showFog":true,"showSkybox":true,"showFlares":true,"showImageEffects":true,"showParticleSystems":true,"showVisualEffectGraphs":true,"m_FxEnabled":true},"in2DMode":false,"pivot":{"x":0.20148658752441407,"y":-0.19133591651916505,"z":-1.234450340270996},"rotation":{"x":0.04414336383342743,"y":0.7100329995155335,"z":-0.044627197086811069,"w":0.7014314532279968},"size":8.176673889160157,"orthographic":false}